Oficina;Dirección;Código de Área;Telefono;Horario de atención;Observaciones
Oficina 1;Alameda 12345;56 2;6880938;Lunes a Viernes 09:00 a 14:00;Observaciones
Oficina 2;Alameda 12346;56 2;6880939;Lunes a Viernes 09:00 a 14:01;Observaciones
Oficina 3;Alameda 12347;56 2;6880940;Lunes a Viernes 09:00 a 14:02;Observaciones
Oficina 4;Alameda 12348;56 2;6880941;Lunes a Viernes 09:00 a 14:03;Observaciones
Oficina 5;Alameda 12349;56 2;6880942;Lunes a Viernes 09:00 a 14:04;Observaciones
Oficina 6;Alameda 12350;56 2;6880943;Lunes a Viernes 09:00 a 14:05;Observaciones
Oficina 7;Alameda 12351;56 2;6880944;Lunes a Viernes 09:00 a 14:06;Observaciones
Oficina 8;Alameda 12352;56 2;6880945;Lunes a Viernes 09:00 a 14:07;Observaciones
Oficina 9;Alameda 12353;56 2;6880946;Lunes a Viernes 09:00 a 14:08;Observaciones
Oficina 10;Alameda 12354;56 2;6880947;Lunes a Viernes 09:00 a 14:09;Observaciones
Oficina 11;Alameda 12355;56 2;6880948;Lunes a Viernes 09:00 a 14:10;Observaciones
Oficina 12;Alameda 12356;56 2;6880949;Lunes a Viernes 09:00 a 14:11;Observaciones
Oficina 13;Alameda 12357;56 2;6880950;Lunes a Viernes 09:00 a 14:12;Observaciones
Oficina 14;Alameda 12358;56 2;6880951;Lunes a Viernes 09:00 a 14:13;Observaciones